row_date,value,is_drift,dangerous_drift
2020-01-01 03:00:00,0.5275311438653376,0.0,0.0
2020-01-01 06:00:00,-0.5874577605587012,0.0,0.0
2020-01-01 09:00:00,-0.6808056688360626,0.0,0.0
2020-01-01 12:00:00,-0.7119216382618497,0.0,0.0
2020-01-01 15:00:00,-0.6600616892188712,0.0,0.0
2020-01-01 18:00:00,-0.4629938828555526,0.0,0.0
2020-01-01 21:00:00,0.3719512967364018,0.0,0.0
2020-01-02 00:00:00,1.3676623183615901,0.0,0.0
2020-01-02 03:00:00,0.3512073171192106,0.0,0.0
2020-01-02 06:00:00,-0.522632824254978,0.0,0.0
2020-01-02 09:00:00,-0.416319928716872,0.0,0.0
2020-01-02 12:00:00,-0.5874577605587012,0.0,0.0
2020-01-02 15:00:00,-0.5718997758458076,0.0,0.0
2020-01-02 18:00:00,-0.6133877350801904,0.0,0.0
2020-01-02 21:00:00,-0.16220617840627705,0.0,0.0
2020-01-03 00:00:00,0.48345018717880583,0.0,0.0
2020-01-03 03:00:00,0.0970935668086156,0.0,0.0
2020-01-03 06:00:00,-0.6133877350801904,0.0,0.0
2020-01-03 09:00:00,-0.6808056688360626,0.0,0.0
2020-01-03 12:00:00,-0.6963636535489561,0.0,0.0
2020-01-03 15:00:00,-0.5770857707501056,0.0,0.0
2020-01-03 18:00:00,-0.3800179643867869,0.0,0.0
2020-01-03 21:00:00,1.082432598625208,0.0,0.0
2020-01-04 00:00:00,0.6571810164727838,0.0,0.0
2020-01-04 03:00:00,-0.3411230026045531,0.0,0.0
2020-01-04 06:00:00,-0.6030157452715947,0.0,0.0
2020-01-04 09:00:00,-0.6808056688360626,0.0,0.0
2020-01-04 12:00:00,-0.6756196739317647,0.0,0.0
2020-01-04 15:00:00,-0.6341317146973818,0.0,0.0
2020-01-04 18:00:00,-0.4266919185254677,0.0,0.0
2020-01-04 21:00:00,0.3304633375020191,0.0,0.0
2020-01-05 00:00:00,0.7816448941759325,0.0,0.0
2020-01-05 03:00:00,0.13598852859084953,0.0,0.0
2020-01-05 06:00:00,-0.5822717656544034,0.0,0.0
2020-01-05 09:00:00,-0.6496896994102754,0.0,0.0
2020-01-05 12:00:00,-0.665247684123169,0.0,0.0
2020-01-05 15:00:00,-0.6496896994102754,0.0,0.0
2020-01-05 18:00:00,-0.6445037045059776,0.0,0.0
2020-01-05 21:00:00,-0.6341317146973818,0.0,0.0
2020-01-06 00:00:00,-0.6445037045059776,0.0,0.0
2020-01-06 03:00:00,-0.6445037045059776,0.0,0.0
2020-01-06 06:00:00,-0.6445037045059776,0.0,0.0
2020-01-06 09:00:00,-0.6445037045059776,0.0,0.0
2020-01-06 12:00:00,-0.6496896994102754,0.0,0.0
2020-01-06 15:00:00,-0.6600616892188712,0.0,0.0
2020-01-06 18:00:00,-0.665247684123169,0.0,0.0
2020-01-06 21:00:00,-0.6756196739317647,0.0,0.0
2020-01-07 00:00:00,-0.5718997758458076,0.0,0.0
2020-01-07 03:00:00,-0.5822717656544034,0.0,0.0
2020-01-07 06:00:00,-0.6496896994102754,0.0,0.0
2020-01-07 09:00:00,-0.6756196739317647,0.0,0.0
2020-01-07 12:00:00,-0.6808056688360626,0.0,0.0
2020-01-07 15:00:00,-0.6600616892188712,0.0,0.0
2020-01-07 18:00:00,-0.5355978115157226,0.0,0.0
2020-01-07 21:00:00,-0.10775323191114955,0.0,0.0
2020-01-08 00:00:00,1.0046426750607402,0.0,0.0
2020-01-08 03:00:00,-0.16220617840627705,0.0,0.0
2020-01-08 06:00:00,-0.5667137809415098,0.0,0.0
2020-01-08 09:00:00,-0.665247684123169,0.0,0.0
2020-01-08 12:00:00,-0.6911776586446583,0.0,0.0
2020-01-08 15:00:00,-0.6445037045059776,0.0,0.0
2020-01-08 18:00:00,-0.416319928716872,0.0,0.0
2020-01-08 21:00:00,0.7090409655157626,0.0,0.0
2020-01-09 00:00:00,0.6779249960899755,0.0,0.0
2020-01-09 03:00:00,-0.0247773134423839,0.0,0.0
2020-01-09 06:00:00,-0.5718997758458076,0.0,0.0
2020-01-09 09:00:00,-0.6496896994102754,0.0,0.0
2020-01-09 12:00:00,-0.6911776586446583,0.0,0.0
2020-01-09 15:00:00,-0.6600616892188712,0.0,0.0
2020-01-09 18:00:00,-0.416319928716872,0.0,0.0
2020-01-09 21:00:00,0.3667653018321041,0.0,0.0
2020-01-10 00:00:00,1.362476323457292,0.0,0.0
2020-01-10 03:00:00,0.4134392559707847,1.0,0.0
2020-01-10 06:00:00,-0.525225821707127,1.0,0.0
2020-01-10 09:00:00,-0.6341317146973818,1.0,0.0
2020-01-10 12:00:00,-0.665247684123169,1.0,0.0
2020-01-10 15:00:00,,,
2020-01-10 18:00:00,,,
2020-01-10 21:00:00,,,
2020-01-11 00:00:00,,,
2020-01-11 03:00:00,-0.42150592362116984,1.0,0.0
2020-01-11 06:00:00,0.0037456585312542,1.0,0.0
2020-01-11 09:00:00,-0.556341791132914,1.0,0.0
2020-01-11 12:00:00,-0.5978297503672969,1.0,0.0
2020-01-11 15:00:00,-0.2581470841357874,1.0,0.0
2020-01-11 18:00:00,1.079839601173059,1.0,0.0
2020-01-11 21:00:00,-0.2140661274492557,1.0,0.0
2020-01-12 00:00:00,0.4497412203008698,1.0,0.0
2020-01-12 03:00:00,0.3097193578848277,1.0,0.0
2020-01-12 06:00:00,-0.6030157452715947,1.0,0.0
2020-01-12 09:00:00,-0.6445037045059776,1.0,0.0
2020-01-12 12:00:00,-0.6445037045059776,1.0,0.0
2020-01-12 15:00:00,-0.4474358981426591,1.0,0.0
2020-01-12 18:00:00,0.7401569349415498,1.0,0.0
2020-01-12 21:00:00,1.5439861451077168,1.0,0.0
2020-01-13 00:00:00,-0.4733658726641483,1.0,0.0
2020-01-13 03:00:00,-0.16998517076272385,1.0,0.0
2020-01-13 06:00:00,-0.4059479389082763,1.0,0.0
2020-01-13 09:00:00,-0.5407838064200206,1.0,0.0
2020-01-13 12:00:00,-0.5693067783936587,1.0,0.0
2020-01-13 15:00:00,-0.4059479389082763,1.0,0.0
2020-01-13 18:00:00,0.2008134648945727,1.0,0.0
2020-01-13 21:00:00,1.331360354031505,1.0,0.0
2020-01-14 00:00:00,0.6831109909942732,1.0,0.0
2020-01-14 03:00:00,0.7764588992716347,1.0,0.0
2020-01-14 06:00:00,-0.5511557962286162,1.0,0.0
2020-01-14 09:00:00,-0.6030157452715947,1.0,0.0
2020-01-14 12:00:00,-0.6133877350801904,1.0,0.0
2020-01-14 15:00:00,-0.6030157452715947,1.0,0.0
2020-01-14 18:00:00,-0.5874577605587012,1.0,0.0
2020-01-14 21:00:00,0.3304633375020191,1.0,0.0
2020-01-15 00:00:00,0.9579687209220596,1.0,0.0
2020-01-15 03:00:00,0.760900914558741,1.0,0.0
2020-01-15 06:00:00,-0.1362762038847878,1.0,0.0
2020-01-15 09:00:00,-0.3748319694824891,1.0,0.0
2020-01-15 12:00:00,-0.5200398268028291,1.0,0.0
2020-01-15 15:00:00,-0.5511557962286162,1.0,0.0
2020-01-15 18:00:00,-0.5407838064200206,1.0,0.0
2020-01-15 21:00:00,-0.4526218930469569,1.0,0.0
2020-01-16 00:00:00,-0.3126000306309149,1.0,0.0
2020-01-16 03:00:00,-0.4422499032383613,1.0,0.0
2020-01-16 06:00:00,-0.525225821707127,1.0,0.0
2020-01-16 09:00:00,-0.5667137809415098,1.0,0.0
2020-01-16 12:00:00,-0.5718997758458076,1.0,0.0
2020-01-16 15:00:00,-0.556341791132914,1.0,0.0
2020-01-16 18:00:00,-0.4526218930469569,1.0,0.0
2020-01-16 21:00:00,0.1282095362344028,1.0,0.0
2020-01-17 00:00:00,1.5232421654905255,1.0,0.0
2020-01-17 03:00:00,0.34861431966706163,1.0,0.0
2020-01-17 06:00:00,-0.416319928716872,1.0,0.0
2020-01-17 09:00:00,-0.525225821707127,1.0,0.0
2020-01-17 12:00:00,-0.5667137809415098,1.0,0.0
2020-01-17 15:00:00,-0.343716000056702,1.0,0.0
2020-01-17 18:00:00,0.6649600088292307,1.0,0.0
2020-01-17 21:00:00,2.555255151445799,1.0,0.0
2020-01-18 00:00:00,4.68151306220792,1.0,0.0
2020-01-18 03:00:00,0.5016011693438482,1.0,0.0
2020-01-18 06:00:00,-0.5200398268028291,1.0,0.0
2020-01-18 09:00:00,-0.5874577605587012,1.0,0.0
2020-01-18 12:00:00,-0.6030157452715947,1.0,0.0
2020-01-18 15:00:00,-0.5874577605587012,1.0,0.0
2020-01-18 18:00:00,-0.556341791132914,1.0,0.0
2020-01-18 21:00:00,-0.3696459745781913,1.0,0.0
2020-01-19 00:00:00,0.29934736807623197,1.0,0.0
2020-01-19 03:00:00,1.4506382368303556,1.0,0.0
2020-01-19 06:00:00,0.1489535158515942,1.0,0.0
2020-01-19 09:00:00,0.49382217698740155,1.0,0.0
2020-01-19 12:00:00,0.6105070623341033,1.0,0.0
2020-01-19 15:00:00,-0.4992958471856377,1.0,0.0
2020-01-19 18:00:00,-0.5822717656544034,1.0,0.0
2020-01-19 21:00:00,-0.6030157452715947,1.0,0.0
2020-01-20 00:00:00,-0.6030157452715947,1.0,0.0
2020-01-20 03:00:00,-0.5978297503672969,1.0,0.0
2020-01-20 06:00:00,-0.5978297503672969,1.0,0.0
2020-01-20 09:00:00,-0.5978297503672969,1.0,0.0
2020-01-20 12:00:00,-0.5874577605587012,1.0,0.0
2020-01-20 15:00:00,-0.5718997758458076,1.0,0.0
2020-01-20 18:00:00,-0.4111339338125741,1.0,0.0
2020-01-20 21:00:00,0.8957367820704853,1.0,0.0
2020-01-21 00:00:00,1.0616886190080164,1.0,0.0
2020-01-21 03:00:00,1.549172140012015,1.0,0.0
2020-01-21 06:00:00,-0.35927398476959554,1.0,0.0
2020-01-21 09:00:00,-0.5407838064200206,1.0,0.0
2020-01-21 12:00:00,-0.5978297503672969,1.0,0.0
2020-01-21 15:00:00,-0.6133877350801904,1.0,0.0
2020-01-21 18:00:00,-0.5978297503672969,1.0,0.0
2020-01-21 21:00:00,-0.5537487936807651,1.0,0.0
2020-01-22 00:00:00,0.4652992050137633,1.0,0.0
2020-01-22 03:00:00,-0.0740442650332136,1.0,0.0
2020-01-22 06:00:00,-0.4629938828555526,1.0,0.0
2020-01-22 09:00:00,-0.556341791132914,1.0,0.0
2020-01-22 12:00:00,-0.556341791132914,1.0,0.0
2020-01-22 15:00:00,-0.5096678369942333,1.0,0.0
2020-01-22 18:00:00,-0.2762980663008299,1.0,0.0
2020-01-22 21:00:00,0.1126515515215092,1.0,0.0
2020-01-23 00:00:00,0.6675530062813797,1.0,0.0
2020-01-23 03:00:00,-0.1518341885976813,1.0,0.0
2020-01-23 06:00:00,-0.4422499032383613,1.0,0.0
2020-01-23 09:00:00,-0.525225821707127,1.0,0.0
2020-01-23 12:00:00,-0.5355978115157226,1.0,0.0
2020-01-23 15:00:00,-0.36705297712604235,1.0,0.0
2020-01-23 18:00:00,0.1230235413301049,1.0,0.0
2020-01-23 21:00:00,0.517159154056742,1.0,0.0
2020-01-24 00:00:00,0.9372247413048681,1.0,0.0
2020-01-24 03:00:00,0.045233617765637,1.0,0.0
2020-01-24 06:00:00,-0.2762980663008299,1.0,0.0
2020-01-24 09:00:00,-0.5096678369942333,1.0,0.0
2020-01-24 12:00:00,-0.5511557962286162,1.0,0.0
2020-01-24 15:00:00,-0.5355978115157226,1.0,0.0
2020-01-24 18:00:00,-0.2503680917793406,1.0,0.0
2020-01-24 21:00:00,0.5949490776212099,1.0,0.0
2020-01-25 00:00:00,0.9735267056349532,1.0,0.0
2020-01-25 03:00:00,0.1619185031123388,1.0,1.0
2020-01-25 06:00:00,-0.2814840612051277,1.0,1.0
2020-01-25 09:00:00,-0.4526218930469569,1.0,1.0
2020-01-25 12:00:00,-0.4889238573770419,1.0,1.0
2020-01-25 15:00:00,-0.3281580153438084,1.0,1.0
2020-01-25 18:00:00,-0.28667005610942553,1.0,1.0
2020-01-25 21:00:00,0.0919075719043177,1.0,1.0
2020-01-26 00:00:00,-0.0014403363730435,1.0,1.0
2020-01-26 03:00:00,-0.24777509432719164,1.0,1.0
2020-01-26 06:00:00,-0.4266919185254677,1.0,1.0
2020-01-26 09:00:00,-0.4785518675684462,1.0,1.0
2020-01-26 12:00:00,-0.4941098522813398,1.0,1.0
2020-01-26 15:00:00,-0.4733658726641483,1.0,1.0
2020-01-26 18:00:00,-0.00662633127734135,1.0,1.0
2020-01-26 21:00:00,0.2578594088418491,1.0,1.0
2020-01-27 00:00:00,0.5275311438653376,1.0,1.0
2020-01-27 03:00:00,1.6062180839592912,1.0,1.0
2020-01-27 06:00:00,-0.0429282956074264,1.0,1.0
2020-01-27 09:00:00,-0.4526218930469569,1.0,1.0
2020-01-27 12:00:00,-0.5096678369942333,1.0,1.0
2020-01-27 15:00:00,-0.5355978115157226,1.0,1.0
2020-01-27 18:00:00,-0.5200398268028291,1.0,1.0
2020-01-27 21:00:00,-0.2685190739443831,1.0,1.0
2020-01-28 00:00:00,0.4912291795352527,1.0,1.0
2020-01-28 03:00:00,0.9942706852521446,1.0,1.0
2020-01-28 06:00:00,-0.2140661274492557,1.0,1.0
2020-01-28 09:00:00,-0.4474358981426591,1.0,1.0
2020-01-28 12:00:00,-0.4422499032383613,1.0,1.0
2020-01-28 15:00:00,-0.2762980663008299,1.0,1.0
2020-01-28 18:00:00,0.3252773425977212,1.0,1.0
2020-01-28 21:00:00,1.7125309794973973,1.0,1.0
2020-01-29 00:00:00,2.4048612992211607,1.0,1.0
2020-01-29 03:00:00,-0.1673921733105749,1.0,1.0
2020-01-29 06:00:00,-0.4629938828555526,1.0,1.0
2020-01-29 09:00:00,-0.5200398268028291,1.0,1.0
2020-01-29 12:00:00,-0.525225821707127,1.0,1.0
2020-01-29 15:00:00,-0.5200398268028291,1.0,1.0
2020-01-29 18:00:00,-0.5096678369942333,1.0,1.0
2020-01-29 21:00:00,-0.4785518675684462,1.0,1.0
2020-01-30 00:00:00,0.22415044196391304,1.0,1.0
2020-01-30 03:00:00,-0.2970420459180213,1.0,1.0
2020-01-30 06:00:00,-0.3903899541953827,1.0,1.0
2020-01-30 09:00:00,-0.4629938828555526,1.0,1.0
2020-01-30 12:00:00,-0.4629938828555526,1.0,1.0
2020-01-30 15:00:00,-0.4629938828555526,1.0,1.0
2020-01-30 18:00:00,-0.3748319694824891,1.0,1.0
2020-01-30 21:00:00,0.6416230317598904,1.0,1.0
2020-01-31 00:00:00,2.7678809425220106,1.0,1.0
2020-01-31 03:00:00,0.42121824832723154,1.0,1.0
2020-01-31 06:00:00,-0.3800179643867869,1.0,1.0
2020-01-31 09:00:00,-0.4733658726641483,1.0,1.0
2020-01-31 12:00:00,-0.4889238573770419,1.0,1.0
2020-01-31 15:00:00,-0.4941098522813398,1.0,1.0
2020-01-31 18:00:00,-0.4889238573770419,1.0,1.0
2020-01-31 21:00:00,-0.3696459745781913,1.0,1.0
2020-02-01 00:00:00,0.8516558253839535,1.0,1.0
2020-02-01 03:00:00,-0.1985081427363621,1.0,1.0
2020-02-01 06:00:00,-0.2451820968750427,1.0,1.0
2020-02-01 09:00:00,-0.4059479389082763,1.0,1.0
2020-02-01 12:00:00,-0.4422499032383613,1.0,1.0
2020-02-01 15:00:00,0.3382423298584659,1.0,1.0
2020-02-01 18:00:00,0.7816448941759325,1.0,1.0
2020-02-01 21:00:00,0.39269527635359336,1.0,1.0
2020-02-02 00:00:00,1.435080252117462,1.0,1.0
2020-02-02 03:00:00,0.01671064579199885,1.0,1.0
2020-02-02 06:00:00,-0.416319928716872,1.0,1.0
2020-02-02 09:00:00,-0.4733658726641483,1.0,1.0
2020-02-02 12:00:00,-0.4785518675684462,1.0,1.0
2020-02-02 15:00:00,-0.4733658726641483,1.0,1.0
2020-02-02 18:00:00,-0.1362762038847878,1.0,1.0
2020-02-02 21:00:00,2.2726184291615654,1.0,1.0
2020-02-03 00:00:00,1.1109555705988463,1.0,1.0
2020-02-03 03:00:00,-0.3074140357266171,1.0,1.0
2020-02-03 06:00:00,-0.4266919185254677,1.0,1.0
2020-02-03 09:00:00,-0.4526218930469569,1.0,1.0
2020-02-03 12:00:00,-0.4526218930469569,1.0,1.0
2020-02-03 15:00:00,,,
2020-02-03 18:00:00,-0.416319928716872,0.0,0.0
2020-02-03 21:00:00,3.3487123718033707,0.0,0.0
2020-02-04 00:00:00,3.162016555248648,0.0,0.0
2020-02-04 03:00:00,0.09450056935646664,0.0,0.0
2020-02-04 06:00:00,-0.5978297503672969,0.0,0.0
2020-02-04 09:00:00,-0.6756196739317647,0.0,0.0
2020-02-04 12:00:00,-0.6911776586446583,0.0,0.0
2020-02-04 15:00:00,-0.6911776586446583,0.0,0.0
2020-02-04 18:00:00,-0.6600616892188712,0.0,0.0
2020-02-04 21:00:00,0.1230235413301049,0.0,0.0
2020-02-05 00:00:00,0.6623670113770818,0.0,0.0
2020-02-05 03:00:00,0.9813056979913999,0.0,0.0
2020-02-05 06:00:00,-0.3074140357266171,0.0,0.0
2020-02-05 09:00:00,-0.5978297503672969,0.0,0.0
2020-02-05 12:00:00,-0.5874577605587012,0.0,0.0
2020-02-05 15:00:00,-0.4629938828555526,0.0,0.0
2020-02-05 18:00:00,0.403067266162189,0.0,0.0
2020-02-05 21:00:00,0.2941613731719341,0.0,0.0
2020-02-06 00:00:00,0.3771372916406998,0.0,0.0
2020-02-06 03:00:00,0.403067266162189,0.0,0.0
2020-02-06 06:00:00,-0.4007619440039784,0.0,0.0
2020-02-06 09:00:00,-0.5874577605587012,0.0,0.0
2020-02-06 12:00:00,-0.556341791132914,0.0,0.0
2020-02-06 15:00:00,-0.5978297503672969,0.0,0.0
2020-02-06 18:00:00,0.299347368076232,0.0,0.0
2020-02-06 21:00:00,1.227640455945548,0.0,0.0
2020-02-07 00:00:00,0.2163714496074663,0.0,0.0
2020-02-07 03:00:00,0.480857189726657,0.0,0.0
2020-02-07 06:00:00,-0.380017964386787,0.0,0.0
2020-02-07 09:00:00,-0.5978297503672969,0.0,0.0
2020-02-07 12:00:00,,,
2020-02-07 15:00:00,-0.2633330790400852,0.0,0.0
2020-02-07 18:00:00,-0.5511557962286162,0.0,0.0
2020-02-07 21:00:00,0.7764588992716347,0.0,0.0
2020-02-08 00:00:00,1.3935922928830793,0.0,0.0
2020-02-08 03:00:00,-0.4578078879512548,0.0,0.0
2020-02-08 06:00:00,-0.5978297503672969,0.0,0.0
2020-02-08 09:00:00,-0.6030157452715947,0.0,0.0
2020-02-08 12:00:00,-0.6030157452715947,0.0,0.0
2020-02-08 15:00:00,-0.4474358981426591,0.0,0.0
2020-02-08 18:00:00,-0.1207182191718942,0.0,0.0
2020-02-08 21:00:00,0.5353101362217844,0.0,0.0
2020-02-09 00:00:00,1.2120824712326543,0.0,0.0
2020-02-09 03:00:00,0.4860431846309547,0.0,0.0
2020-02-09 06:00:00,-0.4733658726641483,0.0,0.0
2020-02-09 09:00:00,-0.5874577605587012,0.0,0.0
2020-02-09 12:00:00,-0.6030157452715947,0.0,0.0
2020-02-09 15:00:00,-0.6030157452715947,0.0,0.0
2020-02-09 18:00:00,-0.5978297503672969,0.0,0.0
2020-02-09 21:00:00,0.4341832355879761,0.0,0.0
2020-02-10 00:00:00,0.8801787973575919,0.0,0.0
2020-02-10 03:00:00,-0.271112071396532,0.0,0.0
2020-02-10 06:00:00,-0.4785518675684462,0.0,0.0
2020-02-10 09:00:00,-0.556341791132914,0.0,0.0
2020-02-10 12:00:00,-0.5822717656544034,0.0,0.0
2020-02-10 15:00:00,-0.5822717656544034,0.0,0.0
2020-02-10 18:00:00,,,
2020-02-10 21:00:00,,,
2020-02-11 00:00:00,-0.5044818420899355,0.0,0.0
2020-02-11 03:00:00,-0.4266919185254677,0.0,0.0
2020-02-11 06:00:00,-0.4422499032383613,0.0,0.0
2020-02-11 09:00:00,-0.5355978115157226,0.0,0.0
2020-02-11 12:00:00,-0.5667137809415098,0.0,0.0
2020-02-11 15:00:00,-0.5511557962286162,0.0,0.0
2020-02-11 18:00:00,-0.2296241121621491,0.0,0.0
2020-02-11 21:00:00,1.0357586444865274,0.0,0.0
2020-02-12 00:00:00,0.6105070623341033,0.0,0.0
2020-02-12 03:00:00,-0.3333440102481063,0.0,0.0
2020-02-12 06:00:00,-0.4889238573770419,0.0,0.0
2020-02-12 09:00:00,-0.5407838064200206,0.0,0.0
2020-02-12 12:00:00,-0.5511557962286162,0.0,0.0
2020-02-12 15:00:00,-0.4733658726641483,0.0,0.0
2020-02-12 18:00:00,-0.2892630535615745,0.0,0.0
2020-02-12 21:00:00,0.0348616279570414,0.0,0.0
2020-02-13 00:00:00,0.2371154292246577,0.0,0.0
2020-02-13 03:00:00,-0.3955759490996806,0.0,0.0
2020-02-13 06:00:00,-0.4785518675684462,0.0,0.0
2020-02-13 09:00:00,-0.5200398268028291,0.0,0.0
2020-02-13 12:00:00,-0.5096678369942333,0.0,0.0
2020-02-13 15:00:00,-0.5096678369942333,0.0,0.0
2020-02-13 18:00:00,-0.5407838064200206,0.0,0.0
2020-02-13 21:00:00,-0.5511557962286162,0.0,0.0
2020-02-14 00:00:00,-0.5667137809415098,0.0,0.0
2020-02-14 03:00:00,-0.556341791132914,0.0,0.0
2020-02-14 06:00:00,-0.5667137809415098,0.0,0.0
2020-02-14 09:00:00,-0.5822717656544034,0.0,0.0
2020-02-14 12:00:00,-0.5874577605587012,0.0,0.0
2020-02-14 15:00:00,-0.5978297503672969,0.0,0.0
2020-02-14 18:00:00,-0.6133877350801904,0.0,0.0
2020-02-14 21:00:00,-0.5407838064200206,0.0,0.0
2020-02-15 00:00:00,-0.1622061784062771,0.0,0.0
2020-02-15 03:00:00,-0.3955759490996806,0.0,0.0
2020-02-15 06:00:00,-0.4889238573770419,0.0,0.0
2020-02-15 09:00:00,-0.556341791132914,0.0,0.0
2020-02-15 12:00:00,-0.556341791132914,0.0,0.0
2020-02-15 15:00:00,-0.4474358981426591,0.0,0.0
2020-02-15 18:00:00,-0.1777641631191706,0.0,0.0
2020-02-15 21:00:00,0.6986689757071669,0.0,0.0
2020-02-16 00:00:00,0.5586471132911248,0.0,0.0
2020-02-16 03:00:00,-0.2451820968750427,0.0,0.0
2020-02-16 06:00:00,-0.3644599796738934,0.0,0.0
2020-02-16 09:00:00,-0.4889238573770419,0.0,0.0
2020-02-16 12:00:00,-0.525225821707127,0.0,0.0
2020-02-16 15:00:00,-0.4629938828555526,0.0,0.0
2020-02-16 18:00:00,0.1282095362344028,0.0,0.0
2020-02-16 21:00:00,1.1809665018068674,0.0,0.0
2020-02-17 00:00:00,0.6053210674298054,0.0,0.0
2020-02-17 03:00:00,0.0037456585312542,0.0,0.0
2020-02-17 06:00:00,-0.4578078879512548,0.0,0.0
2020-02-17 09:00:00,-0.5200398268028291,0.0,0.0
2020-02-17 12:00:00,-0.4578078879512548,0.0,0.0
2020-02-17 15:00:00,-0.2555540866836384,0.0,0.0
2020-02-17 18:00:00,-0.3955759490996806,0.0,0.0
2020-02-17 21:00:00,-0.416319928716872,0.0,0.0
2020-02-18 00:00:00,-0.4007619440039784,0.0,0.0
2020-02-18 03:00:00,-0.28148406120512776,0.0,0.0
2020-02-18 06:00:00,-0.2399961019707449,0.0,0.0
2020-02-18 09:00:00,-0.416319928716872,0.0,0.0
2020-02-18 12:00:00,-0.5096678369942333,0.0,0.0
2020-02-18 15:00:00,-0.5822717656544034,0.0,0.0
2020-02-18 18:00:00,-0.5978297503672969,0.0,0.0
2020-02-18 21:00:00,-0.6030157452715947,0.0,0.0
2020-02-19 00:00:00,-0.5770857707501055,0.0,0.0
2020-02-19 03:00:00,-0.5537487936807651,0.0,0.0
2020-02-19 06:00:00,-0.5770857707501055,0.0,0.0
2020-02-19 09:00:00,-0.5770857707501055,0.0,0.0
2020-02-19 12:00:00,-0.5822717656544034,0.0,0.0
2020-02-19 15:00:00,-0.5200398268028291,0.0,0.0
2020-02-19 18:00:00,-0.10256723700685166,0.0,0.0
2020-02-19 21:00:00,1.497312190969036,0.0,0.0
2020-02-20 00:00:00,0.9450037336613151,0.0,0.0
2020-02-20 03:00:00,0.9605617183742086,0.0,0.0
2020-02-20 06:00:00,0.1385815260429985,0.0,0.0
2020-02-20 09:00:00,-0.4318779134297655,0.0,0.0
2020-02-20 12:00:00,-0.5770857707501055,0.0,0.0
2020-02-20 15:00:00,-0.4007619440039784,0.0,0.0
2020-02-20 18:00:00,0.1385815260429985,0.0,0.0
2020-02-20 21:00:00,3.5561521679752848,0.0,0.0
2020-02-21 00:00:00,4.759302985772388,0.0,0.0
2020-02-21 03:00:00,1.118734562955293,0.0,0.0
2020-02-21 06:00:00,-0.4318779134297655,0.0,0.0
2020-02-21 09:00:00,-0.5770857707501055,0.0,0.0
2020-02-21 12:00:00,-0.6133877350801904,0.0,0.0
2020-02-21 15:00:00,-0.6237597248887862,0.0,0.0
2020-02-21 18:00:00,-0.6133877350801904,0.0,0.0
2020-02-21 21:00:00,-0.4266919185254677,0.0,0.0
2020-02-22 00:00:00,-0.1051602344590006,0.0,0.0
2020-02-22 03:00:00,0.7842378916280814,0.0,0.0
2020-02-22 06:00:00,0.2163714496074663,0.0,0.0
2020-02-22 09:00:00,-0.3333440102481063,0.0,0.0
2020-02-22 12:00:00,0.5430891285782311,0.0,0.0
2020-02-22 15:00:00,1.7384609540188867,0.0,0.0
2020-02-22 18:00:00,2.228537472475034,0.0,0.0
2020-02-22 21:00:00,1.4895331986125895,0.0,0.0
2020-02-23 00:00:00,-0.1751711656670217,0.0,0.0
2020-02-23 03:00:00,-0.4785518675684462,0.0,0.0
2020-02-23 06:00:00,-0.4889238573770419,0.0,0.0
2020-02-23 09:00:00,-0.525225821707127,0.0,0.0
2020-02-23 12:00:00,-0.4422499032383613,0.0,0.0
2020-02-23 15:00:00,-0.1051602344590006,0.0,0.0
2020-02-23 18:00:00,2.088515610058992,0.0,0.0
2020-02-23 21:00:00,1.497312190969036,0.0,0.0
2020-02-24 00:00:00,3.110156606205669,0.0,0.0
2020-02-24 03:00:00,1.8992267960521199,0.0,0.0
2020-02-24 06:00:00,0.1852554801816791,0.0,0.0
2020-02-24 09:00:00,-0.4318779134297655,0.0,0.0
2020-02-24 12:00:00,-0.5096678369942333,0.0,0.0
2020-02-24 15:00:00,0.06857059483497735,0.0,0.0
2020-02-24 18:00:00,1.6373340533850784,0.0,0.0
2020-02-24 21:00:00,4.956370792135706,0.0,0.0
2020-02-25 00:00:00,4.331458406167815,0.0,0.0
2020-02-25 03:00:00,0.9787127005392512,1.0,0.0
2020-02-25 06:00:00,-0.46040088540340374,1.0,0.0
2020-02-25 09:00:00,-0.5822717656544034,1.0,0.0
2020-02-25 12:00:00,-0.6030157452715947,1.0,0.0
2020-02-25 15:00:00,-0.5978297503672969,1.0,0.0
2020-02-25 18:00:00,-0.5874577605587012,1.0,0.0
2020-02-25 21:00:00,0.2837893833633383,1.0,0.0
2020-02-26 00:00:00,2.1818635183363533,1.0,0.0
2020-02-26 03:00:00,1.1005835807902506,1.0,0.0
2020-02-26 06:00:00,-0.2555540866836384,1.0,0.0
2020-02-26 09:00:00,-0.4422499032383613,1.0,0.0
2020-02-26 12:00:00,-0.3955759490996806,1.0,0.0
2020-02-26 15:00:00,0.3875092814492955,1.0,0.0
2020-02-26 18:00:00,1.3832203030744836,1.0,0.0
2020-02-26 21:00:00,1.904412790956418,1.0,0.0
2020-02-27 00:00:00,1.652892038097972,1.0,0.0
2020-02-27 03:00:00,0.08672157700001984,1.0,0.0
2020-02-27 06:00:00,-0.4007619440039784,1.0,0.0
2020-02-27 09:00:00,-0.5200398268028291,1.0,0.0
2020-02-27 12:00:00,-0.525225821707127,1.0,0.0
2020-02-27 15:00:00,-0.4785518675684462,1.0,0.0
2020-02-27 18:00:00,-0.4889238573770419,1.0,0.0
2020-02-27 21:00:00,-0.4292849159776166,1.0,0.0
2020-02-28 00:00:00,-0.4733658726641483,1.0,0.0
2020-02-28 03:00:00,-0.4889238573770419,1.0,0.0
2020-02-28 06:00:00,-0.5096678369942333,1.0,0.0
2020-02-28 09:00:00,-0.5407838064200206,1.0,0.0
2020-02-28 12:00:00,-0.5511557962286162,1.0,0.0
2020-02-28 15:00:00,-0.5355978115157226,1.0,0.0
2020-02-28 18:00:00,-0.5200398268028291,1.0,0.0
2020-02-28 21:00:00,1.087618593529506,1.0,0.0
2020-02-29 00:00:00,1.792913900514014,1.0,0.0
2020-02-29 03:00:00,,,
2020-02-29 06:00:00,,,
2020-02-29 09:00:00,,,
2020-02-29 12:00:00,,,
2020-02-29 15:00:00,,,
2020-02-29 18:00:00,,,
2020-02-29 21:00:00,,,
2020-03-01 00:00:00,,,
2020-03-01 03:00:00,0.7972028788888261,1.0,0.0
2020-03-01 06:00:00,-0.0636722752246179,1.0,0.0
2020-03-01 09:00:00,-0.6030157452715947,1.0,0.0
2020-03-01 12:00:00,-0.6496896994102754,0.0,0.0
2020-03-01 15:00:00,0.045233617765637,0.0,0.0
2020-03-01 18:00:00,0.2008134648945727,0.0,0.0
2020-03-01 21:00:00,1.435080252117462,0.0,0.0
2020-03-02 00:00:00,2.570813136158692,0.0,0.0
2020-03-02 03:00:00,-0.4059479389082763,0.0,0.0
2020-03-02 06:00:00,-0.7015496484532541,0.0,0.0
2020-03-02 09:00:00,-0.7585955924005304,0.0,0.0
2020-03-02 12:00:00,-0.7430376076876368,0.0,0.0
2020-03-02 15:00:00,-0.4941098522813398,0.0,0.0
2020-03-02 18:00:00,0.0400476228613392,0.0,0.0
2020-03-02 21:00:00,1.14985053238108,0.0,0.0
2020-03-03 00:00:00,1.36766231836159,0.0,0.0
2020-03-03 03:00:00,0.1956274699902748,0.0,0.0
2020-03-03 06:00:00,-0.4681798777598505,0.0,0.0
2020-03-03 09:00:00,-0.7015496484532541,0.0,0.0
2020-03-03 12:00:00,-0.732665617879041,0.0,0.0
2020-03-03 15:00:00,-0.4526218930469569,0.0,0.0
2020-03-03 18:00:00,0.1800694852773812,0.0,0.0
2020-03-03 21:00:00,0.7660869094630389,0.0,0.0
2020-03-04 00:00:00,1.9744237221644387,0.0,0.0
2020-03-04 03:00:00,0.0244896381484457,0.0,0.0
2020-03-04 06:00:00,-0.3748319694824891,0.0,0.0
2020-03-04 09:00:00,-0.6341317146973818,0.0,0.0
2020-03-04 12:00:00,-0.6548756943145733,0.0,0.0
2020-03-04 15:00:00,-0.1103462293632985,0.0,0.0
2020-03-04 18:00:00,0.5275311438653376,0.0,0.0
2020-03-04 21:00:00,3.099784616397073,0.0,0.0
2020-03-05 00:00:00,1.1550365272853782,0.0,0.0
2020-03-05 03:00:00,0.0400476228613392,0.0,0.0
2020-03-05 06:00:00,-0.3592739847695956,0.0,0.0
2020-03-05 09:00:00,-0.6341317146973818,0.0,0.0
2020-03-05 12:00:00,-0.5874577605587012,0.0,0.0
2020-03-05 15:00:00,-0.4007619440039784,0.0,0.0
2020-03-05 18:00:00,-0.3748319694824891,0.0,0.0
2020-03-05 21:00:00,0.9838986954435488,0.0,0.0
2020-03-06 00:00:00,1.393592292883079,0.0,0.0
2020-03-06 03:00:00,0.1489535158515942,0.0,0.0
2020-03-06 06:00:00,-0.5304118166114248,0.0,0.0
2020-03-06 09:00:00,-0.6393177096016798,0.0,0.0
2020-03-06 12:00:00,-0.6496896994102754,0.0,0.0
2020-03-06 15:00:00,-0.3281580153438084,0.0,0.0
2020-03-06 18:00:00,-0.3177860255352127,0.0,0.0
2020-03-06 21:00:00,1.8499598444612904,0.0,0.0
2020-03-07 00:00:00,2.2855834164223103,0.0,0.0
2020-03-07 03:00:00,0.2423014241289554,0.0,0.0
2020-03-07 06:00:00,-0.4785518675684462,0.0,0.0
2020-03-07 09:00:00,-0.6082017401758927,0.0,0.0
2020-03-07 12:00:00,-0.6367247121495307,0.0,0.0
2020-03-07 15:00:00,-0.6185737299844885,0.0,0.0
2020-03-07 18:00:00,-0.6808056688360626,0.0,0.0
2020-03-07 21:00:00,-0.665247684123169,0.0,0.0
2020-03-08 00:00:00,,,
2020-03-08 03:00:00,,,
2020-03-08 06:00:00,,,
2020-03-08 09:00:00,,,
2020-03-08 12:00:00,,,
2020-03-08 15:00:00,,,
2020-03-08 18:00:00,,,
2020-03-08 21:00:00,,,
2020-03-09 00:00:00,0.0763495871914241,0.0,0.0
2020-03-09 03:00:00,-0.5407838064200206,0.0,0.0
2020-03-09 06:00:00,-0.665247684123169,0.0,0.0
2020-03-09 09:00:00,-0.6704336790274669,0.0,0.0
2020-03-09 12:00:00,-0.665247684123169,0.0,0.0
2020-03-09 15:00:00,-0.23221710961429803,0.0,0.0
2020-03-09 18:00:00,0.3978812712578912,0.0,0.0
2020-03-09 21:00:00,1.2743144100842283,0.0,0.0
2020-03-10 00:00:00,1.616590073767887,0.0,0.0
2020-03-10 03:00:00,-0.2814840612051277,1.0,0.0
2020-03-10 06:00:00,-0.5096678369942333,1.0,0.0
2020-03-10 09:00:00,-0.592643755462999,1.0,0.0
2020-03-10 12:00:00,-0.5718997758458076,1.0,0.0
2020-03-10 15:00:00,-0.3126000306309149,1.0,0.0
2020-03-10 18:00:00,-0.0014403363730435,1.0,0.0
2020-03-10 21:00:00,1.201710481424059,1.0,0.0
2020-03-11 00:00:00,2.4307912737426505,1.0,0.0
2020-03-11 03:00:00,-0.271112071396532,1.0,0.0
2020-03-11 06:00:00,-0.4992958471856377,1.0,0.0
2020-03-11 09:00:00,-0.6030157452715947,1.0,0.0
2020-03-11 12:00:00,-0.561527786037212,1.0,0.0
2020-03-11 15:00:00,-0.4318779134297655,1.0,0.0
2020-03-11 18:00:00,-0.2970420459180213,1.0,0.0
2020-03-11 21:00:00,1.1757805069025695,1.0,0.0
2020-03-12 00:00:00,1.5543581349163127,1.0,0.0
2020-03-12 03:00:00,-0.2192521223535534,1.0,0.0
2020-03-12 06:00:00,-0.5096678369942333,1.0,0.0
2020-03-12 09:00:00,-0.6082017401758927,1.0,0.0
2020-03-12 12:00:00,-0.6185737299844885,1.0,0.0
2020-03-12 15:00:00,-0.4370639083340634,1.0,0.0
2020-03-12 18:00:00,-0.4526218930469569,1.0,0.0
2020-03-12 21:00:00,0.8127608636017195,1.0,0.0
2020-03-13 00:00:00,1.227640455945548,1.0,0.0
2020-03-13 03:00:00,-0.1466481936933835,1.0,0.0
2020-03-13 06:00:00,-0.4992958471856377,1.0,0.0
2020-03-13 09:00:00,-0.6082017401758927,1.0,0.0
2020-03-13 12:00:00,-0.6030157452715947,1.0,0.0
2020-03-13 15:00:00,-0.4629938828555526,1.0,0.0
2020-03-13 18:00:00,-0.3151930280830638,1.0,0.0
2020-03-13 21:00:00,0.657181016472784,1.0,0.0
2020-03-14 00:00:00,1.336546348935803,1.0,0.0
2020-03-14 03:00:00,-0.1881361529277664,1.0,0.0
2020-03-14 06:00:00,-0.4474358981426591,1.0,0.0
2020-03-14 09:00:00,-0.5770857707501055,1.0,0.0
2020-03-14 12:00:00,-0.5718997758458076,1.0,0.0
2020-03-14 15:00:00,-0.416319928716872,1.0,0.0
2020-03-14 18:00:00,-0.3748319694824891,1.0,0.0
2020-03-14 21:00:00,0.8957367820704853,1.0,0.0
2020-03-15 00:00:00,1.4921261960647385,1.0,0.0
2020-03-15 03:00:00,-0.2607400815879363,1.0,0.0
2020-03-15 06:00:00,-0.4941098522813398,1.0,0.0
2020-03-15 09:00:00,-0.5770857707501055,1.0,0.0
2020-03-15 12:00:00,-0.5718997758458076,1.0,0.0
2020-03-15 15:00:00,-0.4007619440039784,1.0,0.0
2020-03-15 18:00:00,-0.4059479389082763,1.0,0.0
2020-03-15 21:00:00,0.5690191030997205,1.0,0.0
2020-03-16 00:00:00,1.3884062979787812,1.0,0.0
2020-03-16 03:00:00,-0.1829501580234685,1.0,0.0
2020-03-16 06:00:00,-0.4992958471856377,1.0,0.0
2020-03-16 09:00:00,-0.561527786037212,1.0,0.0
2020-03-16 12:00:00,-0.5874577605587012,1.0,0.0
2020-03-16 15:00:00,-0.5770857707501055,1.0,0.0
2020-03-16 18:00:00,-0.3852039592910848,1.0,0.0
2020-03-16 21:00:00,0.1074655566172113,1.0,0.0
2020-03-17 00:00:00,0.3045333629805298,1.0,0.0
2020-03-17 03:00:00,-0.3385300051524041,1.0,0.0
2020-03-17 06:00:00,-0.5304118166114248,1.0,0.0
2020-03-17 09:00:00,-0.6082017401758927,1.0,0.0
2020-03-17 12:00:00,-0.6082017401758927,1.0,0.0
2020-03-17 15:00:00,-0.6082017401758927,1.0,0.0
2020-03-17 18:00:00,-0.5122608344463823,1.0,0.0
2020-03-17 21:00:00,0.4134392559707847,1.0,0.0
2020-03-18 00:00:00,1.1757805069025695,1.0,0.0
2020-03-18 03:00:00,-0.271112071396532,1.0,0.0
2020-03-18 06:00:00,-0.556341791132914,1.0,0.0
2020-03-18 09:00:00,-0.6341317146973818,1.0,0.0
2020-03-18 12:00:00,-0.6496896994102754,1.0,0.0
2020-03-18 15:00:00,-0.6393177096016798,1.0,0.0
2020-03-18 18:00:00,-0.6237597248887862,1.0,0.0
2020-03-18 21:00:00,0.1333955311387006,1.0,0.0
2020-03-19 00:00:00,0.9890846903478469,1.0,0.0
2020-03-19 03:00:00,0.2163714496074663,1.0,0.0
2020-03-19 06:00:00,-0.4992958471856377,1.0,0.0
2020-03-19 09:00:00,-0.6030157452715947,1.0,0.0
2020-03-19 12:00:00,-0.6185737299844885,1.0,0.0
2020-03-19 15:00:00,-0.5459698013243184,1.0,0.0
2020-03-19 18:00:00,-0.3177860255352127,1.0,0.0
2020-03-19 21:00:00,0.2474874190332534,1.0,0.0
2020-03-20 00:00:00,0.9683407107306552,1.0,0.0
2020-03-20 03:00:00,-0.3177860255352127,1.0,0.0
2020-03-20 06:00:00,-0.5304118166114248,1.0,0.0
2020-03-20 09:00:00,-0.5874577605587012,1.0,0.0
2020-03-20 12:00:00,-0.5718997758458076,1.0,0.0
2020-03-20 15:00:00,2.964948748885329,1.0,0.0
2020-03-20 18:00:00,1.263942420275633,1.0,0.0
2020-03-20 21:00:00,-0.0533002854160221,1.0,0.0
2020-03-21 00:00:00,0.2474874190332534,1.0,0.0
2020-03-21 03:00:00,-0.1933221478320642,1.0,0.0
2020-03-21 06:00:00,-0.4837378624727441,1.0,0.0
2020-03-21 09:00:00,-0.5459698013243184,1.0,0.0
2020-03-21 12:00:00,-0.561527786037212,1.0,0.0
2020-03-21 15:00:00,-0.4681798777598505,1.0,0.0
2020-03-21 18:00:00,-0.1414621987890856,1.0,0.0
2020-03-21 21:00:00,0.8646208126446981,1.0,0.0
2020-03-22 00:00:00,0.9112947667833788,1.0,0.0
2020-03-22 03:00:00,-0.3074140357266171,1.0,0.0
2020-03-22 06:00:00,-0.4681798777598505,1.0,0.0
2020-03-22 09:00:00,-0.5304118166114248,1.0,0.0
2020-03-22 12:00:00,-0.5459698013243184,1.0,0.0
2020-03-22 15:00:00,-0.5096678369942333,1.0,0.0
2020-03-22 18:00:00,-0.4785518675684462,1.0,0.0
2020-03-22 21:00:00,0.6105070623341033,1.0,0.0
2020-03-23 00:00:00,1.0616886190080164,1.0,0.0
2020-03-23 03:00:00,-0.271112071396532,1.0,0.0
2020-03-23 06:00:00,-0.4629938828555526,1.0,0.0
2020-03-23 09:00:00,-0.5096678369942333,1.0,0.0
2020-03-23 12:00:00,-0.5304118166114248,1.0,0.0
2020-03-23 15:00:00,-0.4941098522813398,1.0,0.0
2020-03-23 18:00:00,-0.416319928716872,1.0,0.0
2020-03-23 21:00:00,0.6623670113770818,1.0,0.0
2020-03-24 00:00:00,0.6156930572384012,1.0,0.0
2020-03-24 03:00:00,-0.1103462293632985,1.0,0.0
2020-03-24 06:00:00,-0.4785518675684462,1.0,0.0
2020-03-24 09:00:00,-0.525225821707127,1.0,0.0
2020-03-24 12:00:00,-0.556341791132914,1.0,0.0
2020-03-24 15:00:00,-0.5148538318985312,1.0,0.0
2020-03-24 18:00:00,-0.0377423007031285,1.0,0.0
2020-03-24 21:00:00,1.9070057884085667,1.0,0.0
2020-03-25 00:00:00,1.0046426750607402,1.0,0.0
2020-03-25 03:00:00,0.3667653018321041,1.0,0.0
2020-03-25 06:00:00,-0.4318779134297655,1.0,0.0
2020-03-25 09:00:00,-0.5096678369942333,1.0,0.0
2020-03-25 12:00:00,-0.5148538318985312,1.0,0.0
2020-03-25 15:00:00,-0.4941098522813398,1.0,0.0
2020-03-25 18:00:00,-0.2918560510137234,1.0,0.0
2020-03-25 21:00:00,2.015911681398822,1.0,0.0
2020-03-26 00:00:00,1.3884062979787812,1.0,0.0
2020-03-26 03:00:00,0.12820953623440273,1.0,0.0
2020-03-26 06:00:00,-0.4474358981426591,1.0,0.0
2020-03-26 09:00:00,-0.525225821707127,1.0,0.0
2020-03-26 12:00:00,,,
2020-03-26 15:00:00,-0.7222936280704455,0.0,0.0
2020-03-26 18:00:00,-0.5096678369942333,0.0,0.0
2020-03-26 21:00:00,1.471382216447547,0.0,0.0
2020-03-27 00:00:00,1.715123976949546,0.0,0.0
2020-03-27 03:00:00,0.9838986954435488,0.0,0.0
2020-03-27 06:00:00,-0.5667137809415098,0.0,0.0
2020-03-27 09:00:00,-0.7534095974962325,0.0,0.0
2020-03-27 12:00:00,-0.7534095974962325,0.0,0.0
2020-03-27 15:00:00,-0.6756196739317647,0.0,0.0
2020-03-27 18:00:00,-0.3540879898652977,0.0,0.0
2020-03-27 21:00:00,0.3097193578848277,0.0,0.0
2020-03-28 00:00:00,0.6053210674298054,0.0,0.0
2020-03-28 03:00:00,0.3719512967364018,0.0,0.0
2020-03-28 06:00:00,-0.6496896994102754,0.0,0.0
2020-03-28 09:00:00,-0.7689675822091261,0.0,0.0
2020-03-28 12:00:00,-0.7845255669220197,0.0,0.0
2020-03-28 15:00:00,-0.6963636535489561,0.0,0.0
2020-03-28 18:00:00,-0.2607400815879363,0.0,0.0
2020-03-28 21:00:00,1.7747629183489715,0.0,0.0
2020-03-29 00:00:00,1.7306819616624398,0.0,0.0
2020-03-29 03:00:00,0.651995021568486,0.0,0.0
2020-03-29 06:00:00,-0.525225821707127,0.0,0.0
2020-03-29 09:00:00,-0.7430376076876368,0.0,0.0
2020-03-29 12:00:00,-0.7689675822091261,0.0,0.0
2020-03-29 15:00:00,-0.6808056688360626,0.0,0.0
2020-03-29 18:00:00,-0.4007619440039784,0.0,0.0
2020-03-29 21:00:00,1.118734562955293,0.0,0.0
2020-03-30 00:00:00,0.7868308890802304,0.0,0.0
2020-03-30 03:00:00,0.9683407107306552,0.0,0.0
2020-03-30 06:00:00,-0.0973812421025538,0.0,0.0
2020-03-30 09:00:00,-0.5667137809415098,0.0,0.0
2020-03-30 12:00:00,-0.7067356433575519,0.0,0.0
2020-03-30 15:00:00,-0.7119216382618497,0.0,0.0
2020-03-30 18:00:00,-0.0636722752246179,0.0,0.0
2020-03-30 21:00:00,0.3823232865449976,0.0,0.0
2020-03-31 00:00:00,1.772169920896823,0.0,0.0
2020-03-31 03:00:00,1.2068964763283565,0.0,0.0
2020-03-31 06:00:00,0.0504196126699349,0.0,0.0
2020-03-31 09:00:00,-0.5770857707501055,0.0,0.0
2020-03-31 12:00:00,-0.6963636535489561,0.0,0.0
2020-03-31 15:00:00,-0.3852039592910848,0.0,0.0
2020-03-31 18:00:00,0.2630454037461469,0.0,0.0
2020-03-31 21:00:00,1.720309971853844,0.0,0.0
2020-04-01 00:00:00,3.2761084431432006,0.0,0.0
2020-04-01 03:00:00,2.1922355081449485,0.0,0.0
2020-04-01 06:00:00,-0.2970420459180213,0.0,0.0
2020-04-01 09:00:00,-0.7067356433575519,0.0,0.0
2020-04-01 12:00:00,-0.7689675822091261,0.0,0.0
2020-04-01 15:00:00,-0.7689675822091261,0.0,0.0
2020-04-01 18:00:00,-0.737851612783339,0.0,0.0
2020-04-01 21:00:00,0.0400476228613392,0.0,0.0
2020-04-02 00:00:00,9.940111895165945,0.0,0.0
2020-04-02 03:00:00,6.838886942395828,0.0,0.0
2020-04-02 06:00:00,1.1239205578595908,0.0,0.0
2020-04-02 09:00:00,-0.5822717656544034,0.0,0.0
2020-04-02 12:00:00,-0.7222936280704455,0.0,0.0
2020-04-02 15:00:00,-0.7430376076876368,0.0,0.0
2020-04-02 18:00:00,-0.7326656178790412,0.0,0.0
2020-04-02 21:00:00,0.3200913476934234,0.0,0.0
2020-04-03 00:00:00,5.231228522063493,0.0,0.0
2020-04-03 03:00:00,8.503591306675439,0.0,0.0
2020-04-03 06:00:00,7.920166879941929,0.0,0.0
2020-04-03 09:00:00,5.184554567924812,0.0,0.0
2020-04-03 12:00:00,1.808471885226908,0.0,0.0
2020-04-03 15:00:00,-0.4474358981426591,0.0,0.0
2020-04-03 18:00:00,-0.6600616892188712,0.0,0.0
2020-04-03 21:00:00,0.07634958719142415,0.0,0.0
2020-04-04 00:00:00,1.829215864844099,0.0,0.0
2020-04-04 03:00:00,4.157727576873836,0.0,0.0
2020-04-04 06:00:00,0.729784945132954,0.0,0.0
2020-04-04 09:00:00,-0.5770857707501055,0.0,0.0
2020-04-04 12:00:00,-0.6756196739317647,0.0,0.0
2020-04-04 15:00:00,-0.6808056688360626,0.0,0.0
2020-04-04 18:00:00,-0.665247684123169,0.0,0.0
2020-04-04 21:00:00,-0.0325563057988307,0.0,0.0
2020-04-05 00:00:00,1.471382216447547,0.0,0.0
2020-04-05 03:00:00,0.8646208126446981,1.0,0.0
2020-04-05 06:00:00,0.4601132101094655,1.0,0.0
2020-04-05 09:00:00,-0.5511557962286162,1.0,0.0
2020-04-05 12:00:00,-0.628945719793084,1.0,0.0
2020-04-05 15:00:00,-0.3696459745781913,1.0,0.0
2020-04-05 18:00:00,0.0141176483398499,1.0,0.0
2020-04-05 21:00:00,1.6114040788635893,1.0,0.0
2020-04-06 00:00:00,3.260550458430307,1.0,0.0
2020-04-06 03:00:00,2.010725686494524,1.0,0.0
2020-04-06 06:00:00,-0.1725781682148728,1.0,0.0
2020-04-06 09:00:00,-0.5874577605587012,1.0,0.0
2020-04-06 12:00:00,-0.6445037045059776,1.0,0.0
2020-04-06 15:00:00,-0.6445037045059776,1.0,0.0
2020-04-06 18:00:00,-0.2140661274492557,1.0,0.0
2020-04-06 21:00:00,2.3996753043168635,1.0,0.0
2020-04-07 00:00:00,4.769674975580983,1.0,0.0
2020-04-07 03:00:00,3.5405941832623906,1.0,0.0
2020-04-07 06:00:00,0.9890846903478469,1.0,0.0
2020-04-07 09:00:00,-0.5096678369942333,1.0,0.0
2020-04-07 12:00:00,-0.6341317146973818,1.0,0.0
2020-04-07 15:00:00,-0.628945719793084,1.0,0.0
2020-04-07 18:00:00,0.0504196126699349,1.0,0.0
2020-04-07 21:00:00,1.2872793973449732,1.0,0.0
2020-04-08 00:00:00,2.9597627539810314,1.0,0.0
2020-04-08 03:00:00,2.088515610058992,1.0,0.0
2020-04-08 06:00:00,-0.2192521223535534,1.0,0.0
2020-04-08 09:00:00,-0.5822717656544034,1.0,0.0
2020-04-08 12:00:00,-0.6341317146973818,1.0,0.0
2020-04-08 15:00:00,-0.6341317146973818,1.0,0.0
2020-04-08 18:00:00,-0.6185737299844885,1.0,0.0
2020-04-08 21:00:00,-0.41891292616902087,1.0,0.0
2020-04-09 00:00:00,0.7245989502286561,1.0,0.0
2020-04-09 03:00:00,0.2941613731719341,1.0,0.0
2020-04-09 06:00:00,-0.4526218930469569,1.0,0.0
2020-04-09 09:00:00,-0.5667137809415098,1.0,0.0
2020-04-09 12:00:00,-0.5874577605587012,1.0,0.0
2020-04-09 15:00:00,-0.5718997758458076,1.0,0.0
2020-04-09 18:00:00,-0.5200398268028291,1.0,0.0
2020-04-09 21:00:00,0.1074655566172113,1.0,0.0
2020-04-10 00:00:00,0.3667653018321041,1.0,0.0
2020-04-10 03:00:00,-0.20369413764066,1.0,0.0
2020-04-10 06:00:00,-0.5304118166114248,1.0,0.0
2020-04-10 09:00:00,-0.5978297503672969,1.0,0.0
2020-04-10 12:00:00,-0.5874577605587012,1.0,0.0
2020-04-10 15:00:00,-0.6133877350801904,1.0,0.0
2020-04-10 18:00:00,-0.5770857707501055,1.0,0.0
2020-04-10 21:00:00,-0.2659260764922342,1.0,0.0
2020-04-11 00:00:00,-0.3722389720303402,1.0,0.0
2020-04-11 03:00:00,-0.5718997758458076,1.0,0.0
2020-04-11 06:00:00,-0.5978297503672969,1.0,0.0
2020-04-11 09:00:00,-0.6341317146973818,1.0,0.0
2020-04-11 12:00:00,-0.556341791132914,0.0,0.0
2020-04-11 15:00:00,-0.6600616892188712,0.0,0.0
2020-04-11 18:00:00,-0.6963636535489561,0.0,0.0
2020-04-11 21:00:00,-0.6133877350801904,0.0,0.0
2020-04-12 00:00:00,0.16451150056448777,0.0,0.0
2020-04-12 03:00:00,0.403067266162189,0.0,0.0
2020-04-12 06:00:00,-0.6159807325323394,0.0,0.0
2020-04-12 09:00:00,-0.7067356433575519,0.0,0.0
2020-04-12 12:00:00,-0.737851612783339,0.0,0.0
2020-04-12 15:00:00,-0.7585955924005304,0.0,0.0
2020-04-12 18:00:00,-0.7560025949483815,0.0,0.0
2020-04-12 21:00:00,-0.6496896994102754,0.0,0.0
2020-04-13 00:00:00,-0.0792302599375114,0.0,0.0
2020-04-13 03:00:00,-0.5304118166114248,0.0,0.0
2020-04-13 06:00:00,-0.6963636535489561,0.0,0.0
2020-04-13 09:00:00,-0.7430376076876368,0.0,0.0
2020-04-13 12:00:00,-0.737851612783339,0.0,0.0
2020-04-13 15:00:00,-0.737851612783339,0.0,0.0
2020-04-13 18:00:00,-0.6185737299844885,0.0,0.0
2020-04-13 21:00:00,-0.2918560510137234,0.0,0.0
2020-04-14 00:00:00,0.1748834903730834,0.0,0.0
2020-04-14 03:00:00,-0.41891292616902087,0.0,0.0
2020-04-14 06:00:00,-0.6600616892188712,0.0,0.0
2020-04-14 09:00:00,-0.6911776586446583,0.0,0.0
2020-04-14 12:00:00,-0.7222936280704455,0.0,0.0
2020-04-14 15:00:00,-0.7222936280704455,0.0,0.0
2020-04-14 18:00:00,-0.6911776586446583,0.0,0.0
2020-04-14 21:00:00,-0.089602249746107,0.0,0.0
2020-04-15 00:00:00,0.6053210674298054,0.0,0.0
2020-04-15 03:00:00,-0.0792302599375114,0.0,0.0
2020-04-15 06:00:00,-0.5304118166114248,0.0,0.0
2020-04-15 09:00:00,-0.6496896994102754,0.0,0.0
2020-04-15 12:00:00,-0.6756196739317647,0.0,0.0
2020-04-15 15:00:00,-0.6808056688360626,0.0,0.0
2020-04-15 18:00:00,-0.6911776586446583,0.0,0.0
2020-04-15 21:00:00,-0.4733658726641483,0.0,0.0
2020-04-16 00:00:00,-0.0325563057988307,0.0,0.0
2020-04-16 03:00:00,-0.4785518675684462,0.0,0.0
2020-04-16 06:00:00,-0.6133877350801904,0.0,0.0
2020-04-16 09:00:00,-0.6341317146973818,0.0,0.0
2020-04-16 12:00:00,-0.6496896994102754,0.0,0.0
2020-04-16 15:00:00,-0.6600616892188712,0.0,0.0
2020-04-16 18:00:00,-0.6445037045059776,0.0,0.0
2020-04-16 21:00:00,-0.4681798777598505,0.0,0.0
2020-04-17 00:00:00,-0.3540879898652977,0.0,0.0
2020-04-17 03:00:00,-0.556341791132914,1.0,0.0
2020-04-17 06:00:00,-0.5978297503672969,1.0,0.0
2020-04-17 09:00:00,-0.6030157452715947,1.0,0.0
2020-04-17 12:00:00,,,
2020-04-17 15:00:00,-0.5044818420899355,1.0,0.0
2020-04-17 18:00:00,-0.5200398268028291,1.0,0.0
2020-04-17 21:00:00,-0.3955759490996806,1.0,0.0
2020-04-18 00:00:00,-0.2866700561094256,1.0,0.0
2020-04-18 03:00:00,-0.4422499032383613,1.0,1.0
2020-04-18 06:00:00,-0.4733658726641483,1.0,1.0
2020-04-18 09:00:00,-0.4837378624727441,1.0,1.0
2020-04-18 12:00:00,-0.4837378624727441,1.0,1.0
2020-04-18 15:00:00,-0.4837378624727441,1.0,1.0
2020-04-18 18:00:00,-0.4837378624727441,1.0,1.0
2020-04-18 21:00:00,-0.4422499032383613,1.0,1.0
2020-04-19 00:00:00,-0.3489019949609999,1.0,1.0
2020-04-19 03:00:00,-0.4422499032383613,1.0,1.0
2020-04-19 06:00:00,-0.4578078879512548,1.0,1.0
2020-04-19 09:00:00,-0.4578078879512548,1.0,1.0
2020-04-19 12:00:00,-0.4681798777598505,1.0,1.0
2020-04-19 15:00:00,-0.4266919185254677,1.0,1.0
2020-04-19 18:00:00,-0.4422499032383613,1.0,1.0
2020-04-19 21:00:00,-0.3540879898652977,1.0,1.0
2020-04-20 00:00:00,-0.3540879898652977,1.0,1.0
2020-04-20 03:00:00,-0.4370639083340634,1.0,1.0
2020-04-20 06:00:00,-0.4422499032383613,1.0,1.0
2020-04-20 09:00:00,-0.4422499032383613,1.0,1.0
2020-04-20 12:00:00,-0.4370639083340634,1.0,1.0
2020-04-20 15:00:00,-0.4370639083340634,1.0,1.0
2020-04-20 18:00:00,-0.4215059236211698,1.0,1.0
2020-04-20 21:00:00,-0.3748319694824891,1.0,1.0
2020-04-21 00:00:00,-0.3177860255352127,1.0,1.0
2020-04-21 03:00:00,-0.3903899541953827,1.0,1.0
2020-04-21 06:00:00,-0.3903899541953827,1.0,1.0
2020-04-21 09:00:00,-0.3955759490996806,1.0,1.0
2020-04-21 12:00:00,-0.4007619440039784,1.0,1.0
2020-04-21 15:00:00,-0.4007619440039784,1.0,1.0
2020-04-21 18:00:00,-0.3955759490996806,1.0,1.0
2020-04-21 21:00:00,-0.2244381172578513,1.0,1.0
2020-04-22 00:00:00,0.2008134648945727,1.0,1.0
2020-04-22 03:00:00,-0.2399961019707449,1.0,1.0
2020-04-22 06:00:00,-0.3385300051524041,1.0,1.0
2020-04-22 09:00:00,-0.3540879898652977,1.0,1.0
2020-04-22 12:00:00,-0.3644599796738934,1.0,1.0
2020-04-22 15:00:00,-0.3644599796738934,1.0,1.0
2020-04-22 18:00:00,-0.3644599796738934,1.0,1.0
2020-04-22 21:00:00,-0.1933221478320642,1.0,1.0
2020-04-23 00:00:00,-0.271112071396532,1.0,1.0
2020-04-23 03:00:00,-0.3229720204395105,1.0,1.0
2020-04-23 06:00:00,-0.3333440102481063,1.0,1.0
2020-04-23 09:00:00,-0.3333440102481063,1.0,1.0
2020-04-23 12:00:00,-0.3333440102481063,1.0,1.0
2020-04-23 15:00:00,-0.3333440102481063,1.0,1.0
2020-04-23 18:00:00,-0.3333440102481063,1.0,1.0
2020-04-23 21:00:00,-0.21147312999710677,1.0,1.0
2020-04-24 00:00:00,-0.2659260764922342,1.0,1.0
2020-04-24 03:00:00,-0.2866700561094256,1.0,1.0
2020-04-24 06:00:00,-0.2866700561094256,1.0,1.0
2020-04-24 09:00:00,-0.2866700561094256,1.0,1.0
2020-04-24 12:00:00,-0.2918560510137234,1.0,1.0
2020-04-24 15:00:00,,,
2020-04-24 18:00:00,,,
2020-04-24 21:00:00,0.2423014241289554,0.0,0.0
2020-04-25 00:00:00,0.25267341393755127,0.0,0.0
2020-04-25 03:00:00,-0.4837378624727441,0.0,0.0
2020-04-25 06:00:00,-0.7015496484532541,0.0,0.0
2020-04-25 09:00:00,-0.732665617879041,0.0,0.0
2020-04-25 12:00:00,-0.7430376076876368,0.0,0.0
2020-04-25 15:00:00,-0.7585955924005304,0.0,0.0
2020-04-25 18:00:00,-0.7274796229747433,0.0,0.0
2020-04-25 21:00:00,-0.4681798777598505,0.0,0.0
2020-04-26 00:00:00,0.5223451489610397,0.0,0.0
2020-04-26 03:00:00,-0.1881361529277664,0.0,0.0
2020-04-26 06:00:00,-0.6756196739317648,0.0,0.0
2020-04-26 09:00:00,-0.7119216382618497,0.0,0.0
2020-04-26 12:00:00,-0.732665617879041,0.0,0.0
2020-04-26 15:00:00,-0.732665617879041,0.0,0.0
2020-04-26 18:00:00,-0.732665617879041,0.0,0.0
2020-04-26 21:00:00,-0.665247684123169,0.0,0.0
2020-04-27 00:00:00,-0.6808056688360626,0.0,0.0
2020-04-27 03:00:00,-0.6963636535489561,0.0,0.0
2020-04-27 06:00:00,-0.6859916637403605,0.0,0.0
2020-04-27 09:00:00,-0.6859916637403605,0.0,0.0
2020-04-27 12:00:00,-0.7119216382618497,0.0,0.0
2020-04-27 15:00:00,-0.7482236025919347,0.0,0.0
2020-04-27 18:00:00,-0.7585955924005304,0.0,0.0
2020-04-27 21:00:00,-0.7585955924005304,0.0,0.0
2020-04-28 00:00:00,-0.7274796229747433,0.0,0.0
2020-04-28 03:00:00,-0.7274796229747433,1.0,0.0
2020-04-28 06:00:00,-0.7274796229747433,1.0,0.0
2020-04-28 09:00:00,-0.7274796229747433,1.0,0.0
2020-04-28 12:00:00,-0.7482236025919347,1.0,0.0
2020-04-28 15:00:00,-0.732665617879041,1.0,0.0
2020-04-28 18:00:00,-0.7274796229747433,1.0,0.0
2020-04-28 21:00:00,-0.6522826968624243,1.0,0.0
2020-04-29 00:00:00,0.1333955311387006,1.0,0.0
2020-04-29 03:00:00,-0.16739217331057493,1.0,0.0
2020-04-29 06:00:00,-0.6185737299844885,1.0,0.0
2020-04-29 09:00:00,-0.6859916637403605,1.0,0.0
2020-04-29 12:00:00,-0.7015496484532541,1.0,0.0
2020-04-29 15:00:00,-0.7015496484532541,1.0,0.0
2020-04-29 18:00:00,-0.6963636535489561,1.0,0.0
2020-04-29 21:00:00,-0.5667137809415098,1.0,0.0
2020-04-30 00:00:00,0.4601132101094655,1.0,0.0
2020-04-30 03:00:00,-0.08182325738966034,1.0,0.0
2020-04-30 06:00:00,-0.6030157452715947,1.0,0.0
2020-04-30 09:00:00,-0.6393177096016798,1.0,0.0
2020-04-30 12:00:00,-0.6548756943145733,1.0,0.0
2020-04-30 15:00:00,-0.6548756943145733,1.0,0.0
2020-04-30 18:00:00,-0.6496896994102754,1.0,0.0
2020-04-30 21:00:00,-0.5148538318985312,1.0,0.0
2020-05-01 00:00:00,0.0867215770000199,1.0,0.0
2020-05-01 03:00:00,-0.3903899541953827,1.0,0.0
2020-05-01 06:00:00,-0.5718997758458076,1.0,0.0
2020-05-01 09:00:00,-0.592643755462999,1.0,0.0
2020-05-01 12:00:00,-0.6030157452715947,1.0,0.0
2020-05-01 15:00:00,-0.6082017401758927,1.0,0.0
2020-05-01 18:00:00,-0.592643755462999,1.0,0.0
2020-05-01 21:00:00,-0.3385300051524041,1.0,0.0
2020-05-02 00:00:00,0.8801787973575919,1.0,0.0
2020-05-02 03:00:00,0.3849162839971465,1.0,0.0
2020-05-02 06:00:00,-0.4992958471856377,1.0,0.0
2020-05-02 09:00:00,-0.561527786037212,1.0,0.0
2020-05-02 12:00:00,-0.5770857707501055,1.0,0.0
2020-05-02 15:00:00,-0.5770857707501055,1.0,0.0
2020-05-02 18:00:00,-0.556341791132914,1.0,0.0
2020-05-02 21:00:00,-0.0014403363730435,1.0,0.0
2020-05-03 00:00:00,0.4445552253965719,1.0,0.0
2020-05-03 03:00:00,-0.3540879898652977,1.0,0.0
2020-05-03 06:00:00,-0.5304118166114248,1.0,0.0
2020-05-03 09:00:00,-0.556341791132914,1.0,0.0
2020-05-03 12:00:00,-0.5718997758458076,1.0,0.0
2020-05-03 15:00:00,-0.561527786037212,1.0,0.0
2020-05-03 18:00:00,-0.5459698013243184,1.0,0.0
2020-05-03 21:00:00,-0.3748319694824891,1.0,0.0
2020-05-04 00:00:00,0.2889753782676363,1.0,0.0
2020-05-04 03:00:00,-0.3748319694824891,1.0,0.0
2020-05-04 06:00:00,-0.4941098522813398,1.0,0.0
2020-05-04 09:00:00,-0.525225821707127,1.0,0.0
2020-05-04 12:00:00,-0.525225821707127,1.0,0.0
2020-05-04 15:00:00,-0.5304118166114248,1.0,0.0
2020-05-04 18:00:00,-0.3903899541953827,1.0,0.0
2020-05-04 21:00:00,0.226743439416062,1.0,0.0
2020-05-05 00:00:00,4.328865408715665,1.0,0.0
2020-05-05 03:00:00,2.1248175743890765,1.0,0.0
2020-05-05 06:00:00,-0.2192521223535534,1.0,0.0
2020-05-05 09:00:00,-0.4992958471856377,1.0,0.0
2020-05-05 12:00:00,-0.5304118166114248,1.0,0.0
2020-05-05 15:00:00,-0.5407838064200206,1.0,0.0
2020-05-05 18:00:00,-0.525225821707127,1.0,0.0
2020-05-05 21:00:00,-0.4629938828555526,1.0,0.0
2020-05-06 00:00:00,0.3875092814492955,1.0,0.0
2020-05-06 03:00:00,0.3460213222149126,1.0,1.0
2020-05-06 06:00:00,-0.416319928716872,1.0,1.0
2020-05-06 09:00:00,-0.4681798777598505,1.0,1.0
2020-05-06 12:00:00,-0.4837378624727441,1.0,1.0
2020-05-06 15:00:00,-0.4837378624727441,1.0,1.0
2020-05-06 18:00:00,-0.4785518675684462,1.0,1.0
2020-05-06 21:00:00,-0.3177860255352127,1.0,1.0
2020-05-07 00:00:00,0.2423014241289554,1.0,1.0
2020-05-07 03:00:00,-0.3385300051524041,1.0,1.0
2020-05-07 06:00:00,-0.4318779134297655,1.0,1.0
2020-05-07 09:00:00,-0.4474358981426591,1.0,1.0
2020-05-07 12:00:00,-0.4474358981426591,1.0,1.0
2020-05-07 15:00:00,-0.4318779134297655,1.0,1.0
2020-05-07 18:00:00,-0.4370639083340634,1.0,1.0
2020-05-07 21:00:00,-0.2918560510137234,1.0,1.0
2020-05-08 00:00:00,0.1022795617129135,1.0,1.0
2020-05-08 03:00:00,-0.2192521223535534,1.0,1.0
2020-05-08 06:00:00,-0.3852039592910848,1.0,1.0
2020-05-08 09:00:00,-0.3903899541953827,1.0,1.0
2020-05-08 12:00:00,-0.3903899541953827,1.0,1.0
2020-05-08 15:00:00,-0.3852039592910848,1.0,1.0
2020-05-08 18:00:00,-0.3696459745781913,1.0,1.0
2020-05-08 21:00:00,-0.3540879898652977,1.0,1.0
2020-05-09 00:00:00,-0.0169983210859371,1.0,1.0
2020-05-09 03:00:00,-0.2451820968750427,1.0,1.0
2020-05-09 06:00:00,-0.3074140357266171,1.0,1.0
2020-05-09 09:00:00,-0.3177860255352127,1.0,1.0
2020-05-09 12:00:00,-0.3281580153438084,1.0,1.0
2020-05-09 15:00:00,-0.3126000306309149,1.0,1.0
2020-05-09 18:00:00,-0.3074140357266171,1.0,1.0
2020-05-09 21:00:00,-0.2659260764922342,1.0,1.0
2020-05-10 00:00:00,-0.0169983210859371,1.0,1.0
2020-05-10 03:00:00,-0.20369413764066,1.0,1.0
2020-05-10 06:00:00,-0.234810107066447,1.0,1.0
2020-05-10 09:00:00,-0.2451820968750427,1.0,1.0
2020-05-10 12:00:00,-0.2503680917793406,1.0,1.0
2020-05-10 15:00:00,,,
2020-05-10 18:00:00,,,
2020-05-10 21:00:00,,,
2020-05-11 00:00:00,-0.4111339338125741,0.0,0.0
2020-05-11 03:00:00,-0.5978297503672969,0.0,0.0
2020-05-11 06:00:00,-0.6600616892188712,0.0,0.0
2020-05-11 09:00:00,-0.6756196739317647,0.0,0.0
2020-05-11 12:00:00,-0.665247684123169,0.0,0.0
2020-05-11 15:00:00,-0.665247684123169,0.0,0.0
2020-05-11 18:00:00,-0.6600616892188712,0.0,0.0
2020-05-11 21:00:00,-0.4578078879512548,0.0,0.0
2020-05-12 00:00:00,-0.0118123261816392,0.0,0.0
2020-05-12 03:00:00,-0.525225821707127,1.0,0.0
2020-05-12 06:00:00,-0.6341317146973818,1.0,0.0
2020-05-12 09:00:00,-0.6341317146973818,1.0,0.0
2020-05-12 12:00:00,-0.628945719793084,1.0,0.0
2020-05-12 15:00:00,-0.628945719793084,1.0,0.0
2020-05-12 18:00:00,-0.525225821707127,1.0,0.0
2020-05-12 21:00:00,-0.5096678369942333,1.0,0.0
2020-05-13 00:00:00,-0.0273703108945328,1.0,0.0
2020-05-13 03:00:00,-0.4474358981426591,1.0,1.0
2020-05-13 06:00:00,-0.5407838064200206,1.0,1.0
2020-05-13 09:00:00,-0.5407838064200206,1.0,1.0
2020-05-13 12:00:00,-0.5407838064200206,1.0,1.0
2020-05-13 15:00:00,-0.5407838064200206,1.0,1.0
2020-05-13 18:00:00,-0.5044818420899355,1.0,1.0
2020-05-13 21:00:00,-0.0999742395547027,1.0,1.0
2020-05-14 00:00:00,0.4964151744395504,1.0,1.0
2020-05-14 03:00:00,-0.25814708413578735,1.0,1.0
2020-05-14 06:00:00,-0.4733658726641483,1.0,1.0
2020-05-14 09:00:00,-0.4889238573770419,1.0,1.0
2020-05-14 12:00:00,-0.4785518675684462,1.0,1.0
2020-05-14 15:00:00,-0.4733658726641483,1.0,1.0
2020-05-14 18:00:00,-0.4474358981426591,1.0,1.0
2020-05-14 21:00:00,-0.3955759490996806,1.0,1.0
2020-05-15 00:00:00,-0.1207182191718942,1.0,1.0
2020-05-15 03:00:00,-0.3540879898652977,1.0,1.0
2020-05-15 06:00:00,-0.4007619440039784,1.0,1.0
2020-05-15 09:00:00,-0.4007619440039784,1.0,1.0
2020-05-15 12:00:00,-0.4007619440039784,1.0,1.0
2020-05-15 15:00:00,-0.3955759490996806,1.0,1.0
2020-05-15 18:00:00,-0.3852039592910848,1.0,1.0
2020-05-15 21:00:00,-0.271112071396532,1.0,1.0
2020-05-16 00:00:00,-0.2607400815879363,1.0,1.0
2020-05-16 03:00:00,-0.3177860255352127,1.0,1.0
2020-05-16 06:00:00,-0.3385300051524041,1.0,1.0
2020-05-16 09:00:00,-0.3229720204395105,1.0,1.0
2020-05-16 12:00:00,,,
2020-05-16 15:00:00,-0.3540879898652977,1.0,1.0
2020-05-16 18:00:00,-0.3540879898652977,1.0,1.0
2020-05-16 21:00:00,-0.16739217331057493,1.0,1.0
2020-05-17 00:00:00,0.5638331081954225,1.0,1.0
2020-05-17 03:00:00,-0.07923025993751145,1.0,1.0
2020-05-17 06:00:00,-0.2918560510137234,1.0,1.0
2020-05-17 09:00:00,-0.2918560510137234,1.0,1.0
2020-05-17 12:00:00,-0.3074140357266171,1.0,1.0
2020-05-17 15:00:00,,,
2020-05-17 18:00:00,,,
2020-05-17 21:00:00,,,
2020-05-18 00:00:00,,,
2020-05-18 03:00:00,-0.6963636535489561,0.0,0.0
2020-05-18 06:00:00,-0.7274796229747433,0.0,0.0
2020-05-18 09:00:00,-0.7430376076876368,0.0,0.0
2020-05-18 12:00:00,-0.7430376076876368,0.0,0.0
2020-05-18 15:00:00,-0.7430376076876368,0.0,0.0
2020-05-18 18:00:00,-0.737851612783339,0.0,0.0
2020-05-18 21:00:00,-0.7119216382618497,0.0,0.0
2020-05-19 00:00:00,-0.2944490484658724,0.0,0.0
2020-05-19 03:00:00,0.7609009145587411,0.0,0.0
2020-05-19 06:00:00,-0.1388692013369367,0.0,0.0
2020-05-19 09:00:00,-0.7119216382618497,0.0,0.0
2020-05-19 12:00:00,-0.7274796229747433,0.0,0.0
2020-05-19 15:00:00,-0.7119216382618497,0.0,0.0
2020-05-19 18:00:00,-0.6859916637403605,0.0,0.0
2020-05-19 21:00:00,-0.520039826802829,0.0,0.0
2020-05-20 00:00:00,-0.3281580153438084,0.0,0.0
2020-05-20 03:00:00,-0.2296241121621491,0.0,0.0
2020-05-20 06:00:00,-0.6082017401758927,0.0,0.0
2020-05-20 09:00:00,-0.6756196739317647,0.0,0.0
2020-05-20 12:00:00,-0.6808056688360626,0.0,0.0
2020-05-20 15:00:00,-0.665247684123169,0.0,0.0
2020-05-20 18:00:00,-0.6548756943145733,0.0,0.0
2020-05-20 21:00:00,-0.4992958471856377,0.0,0.0
2020-05-21 00:00:00,-0.3126000306309149,0.0,0.0
2020-05-21 03:00:00,-0.3385300051524041,0.0,0.0
2020-05-21 06:00:00,-0.6341317146973818,0.0,0.0
2020-05-21 09:00:00,-0.665247684123169,0.0,0.0
2020-05-21 12:00:00,-0.6548756943145733,0.0,0.0
2020-05-21 15:00:00,-0.6548756943145733,0.0,0.0
2020-05-21 18:00:00,-0.6496896994102754,0.0,0.0
2020-05-21 21:00:00,-0.561527786037212,0.0,0.0
2020-05-22 00:00:00,-0.3903899541953827,0.0,0.0
2020-05-22 03:00:00,-0.2192521223535534,0.0,0.0
2020-05-22 06:00:00,-0.5874577605587012,0.0,0.0
2020-05-22 09:00:00,-0.6185737299844885,0.0,0.0
2020-05-22 12:00:00,-0.6082017401758927,0.0,0.0
2020-05-22 15:00:00,-0.6030157452715947,0.0,0.0
2020-05-22 18:00:00,-0.592643755462999,0.0,0.0
2020-05-22 21:00:00,-0.525225821707127,0.0,0.0
2020-05-23 00:00:00,0.22415044196391304,0.0,0.0
2020-05-23 03:00:00,0.6519950215684862,0.0,1.0
2020-05-23 06:00:00,-0.3281580153438084,0.0,1.0
2020-05-23 09:00:00,-0.525225821707127,0.0,1.0
2020-05-23 12:00:00,-0.4941098522813398,0.0,1.0
2020-05-23 15:00:00,-0.4785518675684462,0.0,1.0
2020-05-23 18:00:00,-0.4318779134297655,0.0,1.0
2020-05-23 21:00:00,-0.3696459745781913,0.0,1.0
2020-05-24 00:00:00,0.3823232865449976,0.0,1.0
2020-05-24 03:00:00,1.4506382368303556,0.0,1.0
2020-05-24 06:00:00,0.06597759738282845,0.0,1.0
2020-05-24 09:00:00,-0.3748319694824891,0.0,1.0
2020-05-24 12:00:00,-0.3748319694824891,0.0,1.0
2020-05-24 15:00:00,-0.3255650178916595,0.0,1.0
2020-05-24 18:00:00,-0.2970420459180213,0.0,1.0
2020-05-24 21:00:00,0.0945005693564667,0.0,1.0
2020-05-25 00:00:00,1.015014664869336,0.0,1.0
2020-05-25 03:00:00,0.4964151744395504,0.0,1.0
2020-05-25 06:00:00,-0.4526218930469569,0.0,1.0
2020-05-25 09:00:00,-0.5355978115157226,0.0,1.0
2020-05-25 12:00:00,-0.5511557962286162,0.0,1.0
2020-05-25 15:00:00,-0.5511557962286162,0.0,1.0
2020-05-25 18:00:00,-0.5304118166114248,0.0,1.0
2020-05-25 21:00:00,-0.343716000056702,0.0,1.0
2020-05-26 00:00:00,-0.20369413764065997,0.0,1.0
2020-05-26 03:00:00,-0.05848628032032,0.0,1.0
2020-05-26 06:00:00,-0.5044818420899355,0.0,1.0
2020-05-26 09:00:00,-0.5770857707501055,0.0,1.0
2020-05-26 12:00:00,-0.5822717656544034,0.0,1.0
2020-05-26 15:00:00,-0.5667137809415098,0.0,1.0
2020-05-26 18:00:00,-0.5304118166114248,0.0,1.0
2020-05-26 21:00:00,-0.4215059236211698,0.0,1.0
2020-05-27 00:00:00,-0.1466481936933835,0.0,1.0
2020-05-27 03:00:00,0.7764588992716347,0.0,1.0
2020-05-27 06:00:00,0.45492721520516766,0.0,1.0
2020-05-27 09:00:00,-0.4837378624727441,0.0,1.0
2020-05-27 12:00:00,-0.5511557962286162,0.0,1.0
2020-05-27 15:00:00,-0.561527786037212,0.0,1.0
2020-05-27 18:00:00,-0.5355978115157226,0.0,1.0
2020-05-27 21:00:00,-0.11034622936329845,0.0,1.0
2020-05-28 00:00:00,0.7790518967237836,0.0,1.0
2020-05-28 03:00:00,0.6390300343077415,1.0,1.0
2020-05-28 06:00:00,-0.14146219878908567,1.0,1.0
2020-05-28 09:00:00,-0.561527786037212,1.0,1.0
2020-05-28 12:00:00,-0.5822717656544034,1.0,1.0
2020-05-28 15:00:00,-0.5667137809415098,1.0,1.0
2020-05-28 18:00:00,-0.5355978115157226,1.0,1.0
2020-05-28 21:00:00,-0.4681798777598505,1.0,1.0
2020-05-29 00:00:00,0.3978812712578912,1.0,1.0
2020-05-29 03:00:00,0.444555225396572,1.0,1.0
2020-05-29 06:00:00,-0.3955759490996806,1.0,1.0
2020-05-29 09:00:00,-0.5304118166114248,1.0,1.0
2020-05-29 12:00:00,-0.5459698013243184,1.0,1.0
2020-05-29 15:00:00,-0.5148538318985312,1.0,1.0
2020-05-29 18:00:00,-0.4370639083340634,1.0,1.0
2020-05-29 21:00:00,0.0970935668086156,1.0,1.0
2020-05-30 00:00:00,0.7790518967237836,1.0,1.0
2020-05-30 03:00:00,0.9683407107306552,1.0,1.0
2020-05-30 06:00:00,0.32787034004987015,1.0,1.0
2020-05-30 09:00:00,-0.4578078879512548,1.0,1.0
2020-05-30 12:00:00,-0.5148538318985312,1.0,1.0
2020-05-30 15:00:00,-0.4837378624727441,1.0,1.0
2020-05-30 18:00:00,-0.4681798777598505,1.0,1.0
2020-05-30 21:00:00,-0.0066263312773414,1.0,1.0
2020-05-31 00:00:00,0.7220059527765071,1.0,1.0
2020-05-31 03:00:00,1.269128415179931,1.0,1.0
2020-05-31 06:00:00,0.4497412203008698,1.0,1.0
2020-05-31 09:00:00,-0.4215059236211698,1.0,1.0
2020-05-31 12:00:00,-0.4889238573770419,1.0,1.0
2020-05-31 15:00:00,-0.4681798777598505,1.0,1.0
2020-05-31 18:00:00,-0.4370639083340634,1.0,1.0
2020-05-31 21:00:00,0.07375658973927521,1.0,1.0
2020-06-01 00:00:00,1.020200659773634,1.0,1.0
2020-06-01 03:00:00,0.8490628279318047,1.0,1.0
2020-06-01 06:00:00,0.7660869094630389,1.0,1.0
2020-06-01 09:00:00,0.2474874190332533,1.0,1.0
2020-06-01 12:00:00,-0.4422499032383613,1.0,1.0
2020-06-01 15:00:00,-0.4422499032383613,1.0,1.0
2020-06-01 18:00:00,0.006338655983403151,1.0,1.0
2020-06-01 21:00:00,0.32009134769342334,1.0,1.0
2020-06-02 00:00:00,0.6156930572384012,1.0,1.0
2020-06-02 03:00:00,1.2224544610412502,1.0,1.0
2020-06-02 06:00:00,0.6053210674298054,1.0,1.0
2020-06-02 09:00:00,0.02189664069629675,1.0,1.0
2020-06-02 12:00:00,-0.4422499032383613,1.0,1.0
2020-06-02 15:00:00,-0.4370639083340634,1.0,1.0
2020-06-02 18:00:00,-0.3644599796738934,1.0,1.0
2020-06-02 21:00:00,-0.0533002854160221,1.0,1.0
2020-06-03 00:00:00,0.5249381464131886,1.0,1.0
2020-06-03 03:00:00,1.6062180839592912,1.0,1.0
2020-06-03 06:00:00,0.7842378916280814,1.0,1.0
2020-06-03 09:00:00,0.0659775973828284,1.0,1.0
2020-06-03 12:00:00,-0.4370639083340634,1.0,1.0
2020-06-03 15:00:00,-0.4266919185254677,1.0,1.0
2020-06-03 18:00:00,-0.3022280408223192,1.0,1.0
2020-06-03 21:00:00,0.07634958719142415,1.0,1.0
2020-06-04 00:00:00,0.3719512967364019,1.0,1.0
2020-06-04 03:00:00,1.3183953667707602,1.0,1.0
2020-06-04 06:00:00,0.1774764878252323,1.0,1.0
2020-06-04 09:00:00,-0.3489019949609999,1.0,1.0
2020-06-04 12:00:00,-0.4215059236211698,1.0,1.0
2020-06-04 15:00:00,-0.3644599796738934,1.0,1.0
2020-06-04 18:00:00,-0.3644599796738934,1.0,1.0
2020-06-04 21:00:00,,,
2020-06-05 00:00:00,,,
2020-06-05 03:00:00,,,
2020-06-05 06:00:00,,,
2020-06-05 09:00:00,,,
2020-06-05 12:00:00,,,
2020-06-05 15:00:00,,,
2020-06-05 18:00:00,,,
2020-06-05 21:00:00,,,
2020-06-06 00:00:00,,,
2020-06-06 03:00:00,,,
2020-06-06 06:00:00,,,
2020-06-06 09:00:00,,,
2020-06-06 12:00:00,,,
2020-06-06 15:00:00,,,
2020-06-06 18:00:00,,,
2020-06-06 21:00:00,,,
2020-06-07 00:00:00,,,
2020-06-07 03:00:00,,,
2020-06-07 06:00:00,,,
2020-06-07 09:00:00,,,
2020-06-07 12:00:00,,,
2020-06-07 15:00:00,,,
2020-06-07 18:00:00,,,
2020-06-07 21:00:00,,,
2020-06-08 00:00:00,,,
2020-06-08 03:00:00,,,
2020-06-08 06:00:00,,,
2020-06-08 09:00:00,,,
2020-06-08 12:00:00,-0.11812522171974524,1.0,1.0
2020-06-08 15:00:00,-0.1881361529277664,1.0,1.0
2020-06-08 18:00:00,0.0504196126699349,1.0,1.0
2020-06-08 21:00:00,0.7168199578722093,1.0,1.0
2020-06-09 00:00:00,0.3667653018321041,1.0,1.0
2020-06-09 03:00:00,1.7462399463753335,1.0,1.0
2020-06-09 06:00:00,1.2717214126320795,1.0,1.0
2020-06-09 09:00:00,0.444555225396572,1.0,1.0
2020-06-09 12:00:00,-0.0740442650332136,1.0,1.0
2020-06-09 15:00:00,-0.1933221478320642,1.0,1.0
2020-06-09 18:00:00,-0.0014403363730435999,1.0,1.0
2020-06-09 21:00:00,0.299347368076232,1.0,1.0
2020-06-10 00:00:00,0.6260650470469968,1.0,1.0
2020-06-10 03:00:00,1.8006928928704609,1.0,1.0
2020-06-10 06:00:00,1.1602225221896758,1.0,1.0
2020-06-10 09:00:00,0.5016011693438482,1.0,1.0
2020-06-10 12:00:00,-0.0092193287294903,1.0,1.0
2020-06-10 15:00:00,-0.18295015802346848,1.0,1.0
2020-06-10 18:00:00,-0.0377423007031285,1.0,1.0
2020-06-10 21:00:00,0.2215574445117641,1.0,1.0
2020-06-11 00:00:00,0.4990081718916993,1.0,1.0
2020-06-11 03:00:00,1.5906600992463975,1.0,1.0
2020-06-11 06:00:00,1.6010320890549934,1.0,1.0
2020-06-11 09:00:00,0.475671194822359,1.0,1.0
2020-06-11 12:00:00,-0.1051602344590006,1.0,1.0
2020-06-11 15:00:00,-0.2140661274492557,1.0,1.0
2020-06-11 18:00:00,-0.0273703108945328,1.0,1.0
2020-06-11 21:00:00,0.4704851999180613,1.0,1.0
2020-06-12 00:00:00,0.6934829808028689,1.0,1.0
2020-06-12 03:00:00,1.5076841807776322,1.0,1.0
2020-06-12 06:00:00,1.261349422823484,1.0,1.0
2020-06-12 09:00:00,0.5949490776212096,1.0,1.0
2020-06-12 12:00:00,-0.3177860255352127,1.0,1.0
2020-06-12 15:00:00,-0.1985081427363621,1.0,1.0
2020-06-12 18:00:00,-0.1673921733105749,1.0,1.0
2020-06-12 21:00:00,0.4549272152051676,1.0,1.0
2020-06-13 00:00:00,0.8231328534103153,1.0,1.0
2020-06-13 03:00:00,3.177574539961541,1.0,1.0
2020-06-13 06:00:00,1.9433077527386518,1.0,1.0
2020-06-13 09:00:00,0.4860431846309547,1.0,1.0
2020-06-13 12:00:00,-0.3022280408223192,1.0,1.0
2020-06-13 15:00:00,-0.2555540866836384,1.0,1.0
2020-06-13 18:00:00,-0.0092193287294903,1.0,1.0
2020-06-13 21:00:00,0.3226843451455723,1.0,1.0
2020-06-14 00:00:00,0.4808571897266568,1.0,1.0
2020-06-14 03:00:00,2.518953187115714,1.0,1.0
2020-06-14 06:00:00,1.0772466037209103,1.0,1.0
2020-06-14 09:00:00,0.6649600088292307,1.0,1.0
2020-06-14 12:00:00,-0.2607400815879363,1.0,1.0
2020-06-14 15:00:00,-0.3126000306309149,1.0,1.0
2020-06-14 18:00:00,0.25008041648540225,1.0,1.0
2020-06-14 21:00:00,0.3252773425977212,1.0,1.0
2020-06-15 00:00:00,2.14037555910197,1.0,1.0
2020-06-15 03:00:00,2.0314696661117155,1.0,1.0
2020-06-15 06:00:00,0.9994566801564424,1.0,1.0
2020-06-15 09:00:00,1.362476323457292,1.0,1.0
2020-06-15 12:00:00,-0.2088801325449578,1.0,1.0
2020-06-15 15:00:00,0.0244896381484457,1.0,1.0
2020-06-15 18:00:00,0.0244896381484457,1.0,1.0
2020-06-15 21:00:00,0.2059994597988705,1.0,1.0
2020-06-16 00:00:00,0.299347368076232,1.0,1.0
2020-06-16 03:00:00,0.1022795617129135,1.0,1.0
2020-06-16 06:00:00,-0.1362762038847878,1.0,1.0
2020-06-16 09:00:00,-0.2451820968750427,1.0,1.0
2020-06-16 12:00:00,-0.3022280408223192,1.0,1.0
2020-06-16 15:00:00,-0.2866700561094256,1.0,1.0
2020-06-16 18:00:00,0.6105070623341033,1.0,1.0
2020-06-16 21:00:00,0.4860431846309547,1.0,1.0
2020-06-17 00:00:00,0.48345018717880583,1.0,1.0
2020-06-17 03:00:00,0.299347368076232,1.0,1.0
2020-06-17 06:00:00,0.7142269604200603,1.0,1.0
2020-06-17 09:00:00,0.1852554801816791,1.0,1.0
2020-06-17 12:00:00,-0.4111339338125741,1.0,1.0
2020-06-17 15:00:00,-0.3540879898652977,1.0,1.0
2020-06-17 18:00:00,0.2215574445117641,1.0,1.0
2020-06-17 21:00:00,0.5586471132911248,1.0,1.0
2020-06-18 00:00:00,0.8853647922618896,1.0,1.0
2020-06-18 03:00:00,0.7505289247501454,1.0,1.0
2020-06-18 06:00:00,0.7790518967237836,1.0,1.0
2020-06-18 09:00:00,0.0400476228613392,1.0,1.0
2020-06-18 12:00:00,-0.3644599796738934,1.0,1.0
2020-06-18 15:00:00,-0.2555540866836384,1.0,1.0
2020-06-18 18:00:00,0.1774764878252323,1.0,1.0
2020-06-18 21:00:00,0.4964151744395504,1.0,1.0
2020-06-19 00:00:00,1.979609717068737,1.0,1.0
2020-06-19 03:00:00,1.4558242317346533,1.0,1.0
2020-06-19 06:00:00,0.7920168839845281,1.0,1.0
2020-06-19 09:00:00,-0.09478824465040486,1.0,1.0
2020-06-19 12:00:00,-0.3696459745781913,1.0,1.0
2020-06-19 15:00:00,-0.1777641631191706,1.0,1.0
2020-06-19 18:00:00,0.4134392559707848,1.0,1.0
2020-06-19 21:00:00,1.1446645374767823,1.0,1.0
2020-06-20 00:00:00,0.6105070623341033,1.0,1.0
2020-06-20 03:00:00,1.263942420275633,1.0,1.0
2020-06-20 06:00:00,0.4341832355879761,1.0,1.0
2020-06-20 09:00:00,-0.2607400815879363,1.0,1.0
2020-06-20 12:00:00,,,
2020-06-20 15:00:00,,,
2020-06-20 18:00:00,,,
2020-06-20 21:00:00,0.2578594088418491,0.0,0.0
2020-06-21 00:00:00,1.261349422823484,0.0,0.0
2020-06-21 03:00:00,0.5119731591524439,0.0,0.0
2020-06-21 06:00:00,0.2837893833633383,0.0,0.0
2020-06-21 09:00:00,-0.5459698013243184,0.0,0.0
2020-06-21 12:00:00,-1.0127093427111251,0.0,0.0
2020-06-21 15:00:00,-0.3385300051524041,0.0,0.0
2020-06-21 18:00:00,0.1696974954687856,0.0,0.0
2020-06-21 21:00:00,1.051316629199421,0.0,0.0
2020-06-22 00:00:00,0.9579687209220596,0.0,0.0
2020-06-22 03:00:00,1.652892038097972,0.0,0.0
2020-06-22 06:00:00,0.8231328534103153,0.0,0.0
2020-06-22 09:00:00,-0.1051602344590006,0.0,0.0
2020-06-22 12:00:00,-0.665247684123169,0.0,0.0
